{"success":true,"code":"SUCCESS","data":{"from":1688149800000,"to":1695839400000,"transactionData":[{"name":"Peer-to-peer payments","paymentInstruments":[{"type":"TOTAL","count":20220,"amount":7.7301147E7}]},{"name":"Merchant payments","paymentInstruments":[{"type":"TOTAL","count":14902,"amount":1.2027729E7}]},{"name":"Recharge & bill payments","paymentInstruments":[{"type":"TOTAL","count":8577,"amount":5093309.0}]},{"name":"Financial Services","paymentInstruments":[{"type":"TOTAL","count":16,"amount":12540.0}]},{"name":"Others","paymentInstruments":[{"type":"TOTAL","count":42,"amount":92336.0}]}]},"responseTimestamp":1697612033407}