{"success":true,"code":"SUCCESS","data":{"from":1688149800000,"to":1695839400000,"transactionData":[{"name":"Merchant payments","paymentInstruments":[{"type":"TOTAL","count":567760229,"amount":2.55858070965E11}]},{"name":"Peer-to-peer payments","paymentInstruments":[{"type":"TOTAL","count":333209928,"amount":9.29775417818E11}]},{"name":"Recharge & bill payments","paymentInstruments":[{"type":"TOTAL","count":76997837,"amount":5.1434802126E10}]},{"name":"Financial Services","paymentInstruments":[{"type":"TOTAL","count":318662,"amount":4.08838885E8}]},{"name":"Others","paymentInstruments":[{"type":"TOTAL","count":525937,"amount":3.44868455E8}]}]},"responseTimestamp":1697612025179}