{"success":true,"code":"SUCCESS","data":{"from":1688149800000,"to":1695839400000,"transactionData":[{"name":"Merchant payments","paymentInstruments":[{"type":"TOTAL","count":9868299757,"amount":4.686944326058E12}]},{"name":"Peer-to-peer payments","paymentInstruments":[{"type":"TOTAL","count":5929662466,"amount":1.8342686827713E13}]},{"name":"Recharge & bill payments","paymentInstruments":[{"type":"TOTAL","count":1229068434,"amount":9.6769465418E11}]},{"name":"Financial Services","paymentInstruments":[{"type":"TOTAL","count":6273522,"amount":8.553479441E9}]},{"name":"Others","paymentInstruments":[{"type":"TOTAL","count":8491944,"amount":6.397985054E9}]}]},"responseTimestamp":1697612018363}