{"success":true,"code":"SUCCESS","data":{"from":1688149800000,"to":1695839400000,"transactionData":[{"name":"Peer-to-peer payments","paymentInstruments":[{"type":"TOTAL","count":5889357,"amount":1.6351752522E10}]},{"name":"Merchant payments","paymentInstruments":[{"type":"TOTAL","count":5451474,"amount":4.277046551E9}]},{"name":"Recharge & bill payments","paymentInstruments":[{"type":"TOTAL","count":1450780,"amount":4.82412481E8}]},{"name":"Financial Services","paymentInstruments":[{"type":"TOTAL","count":4825,"amount":1.136567E7}]},{"name":"Others","paymentInstruments":[{"type":"TOTAL","count":5997,"amount":4813862.0}]}]},"responseTimestamp":1697612084997}