{"success":true,"code":"SUCCESS","data":{"from":1688149800000,"to":1695839400000,"transactionData":[{"name":"Merchant payments","paymentInstruments":[{"type":"TOTAL","count":347213404,"amount":1.43772297471E11}]},{"name":"Peer-to-peer payments","paymentInstruments":[{"type":"TOTAL","count":167791074,"amount":5.23701514112E11}]},{"name":"Recharge & bill payments","paymentInstruments":[{"type":"TOTAL","count":31015600,"amount":3.9925428804E10}]},{"name":"Financial Services","paymentInstruments":[{"type":"TOTAL","count":275512,"amount":4.39989766E8}]},{"name":"Others","paymentInstruments":[{"type":"TOTAL","count":411393,"amount":3.60021285E8}]}]},"responseTimestamp":1697612090837}