{"success":true,"code":"SUCCESS","data":{"from":1688149800000,"to":1695839400000,"transactionData":[{"name":"Merchant payments","paymentInstruments":[{"type":"TOTAL","count":100971920,"amount":5.4395884988E10}]},{"name":"Peer-to-peer payments","paymentInstruments":[{"type":"TOTAL","count":51765006,"amount":1.53333984681E11}]},{"name":"Recharge & bill payments","paymentInstruments":[{"type":"TOTAL","count":17617414,"amount":1.224744307E10}]},{"name":"Financial Services","paymentInstruments":[{"type":"TOTAL","count":186185,"amount":2.43267285E8}]},{"name":"Others","paymentInstruments":[{"type":"TOTAL","count":118126,"amount":1.12033305E8}]}]},"responseTimestamp":1697612062969}