{"success":true,"code":"SUCCESS","data":{"from":1688149800000,"to":1695839400000,"transactionData":[{"name":"Merchant payments","paymentInstruments":[{"type":"TOTAL","count":750265405,"amount":3.95042164275E11}]},{"name":"Peer-to-peer payments","paymentInstruments":[{"type":"TOTAL","count":623202203,"amount":2.163464730936E12}]},{"name":"Recharge & bill payments","paymentInstruments":[{"type":"TOTAL","count":101000645,"amount":9.4077774967E10}]},{"name":"Financial Services","paymentInstruments":[{"type":"TOTAL","count":361584,"amount":4.66791218E8}]},{"name":"Others","paymentInstruments":[{"type":"TOTAL","count":334566,"amount":3.62636702E8}]}]},"responseTimestamp":1697612031533}