{"success":true,"code":"SUCCESS","data":{"from":1688149800000,"to":1695839400000,"transactionData":[{"name":"Merchant payments","paymentInstruments":[{"type":"TOTAL","count":176986470,"amount":8.7850272164E10}]},{"name":"Peer-to-peer payments","paymentInstruments":[{"type":"TOTAL","count":116215262,"amount":3.17385101261E11}]},{"name":"Recharge & bill payments","paymentInstruments":[{"type":"TOTAL","count":24694215,"amount":1.2857936385E10}]},{"name":"Financial Services","paymentInstruments":[{"type":"TOTAL","count":126439,"amount":1.66648089E8}]},{"name":"Others","paymentInstruments":[{"type":"TOTAL","count":215040,"amount":1.24466121E8}]}]},"responseTimestamp":1697612054833}