{"success":true,"code":"SUCCESS","data":{"from":1688149800000,"to":1695839400000,"transactionData":[{"name":"Merchant payments","paymentInstruments":[{"type":"TOTAL","count":9582597,"amount":3.564710651E9}]},{"name":"Peer-to-peer payments","paymentInstruments":[{"type":"TOTAL","count":4630867,"amount":1.0642329946E10}]},{"name":"Recharge & bill payments","paymentInstruments":[{"type":"TOTAL","count":1139193,"amount":8.7891774E8}]},{"name":"Financial Services","paymentInstruments":[{"type":"TOTAL","count":5572,"amount":5268269.0}]},{"name":"Others","paymentInstruments":[{"type":"TOTAL","count":12099,"amount":4839857.0}]}]},"responseTimestamp":1697612041619}