{"success":true,"code":"SUCCESS","data":{"from":1688149800000,"to":1695839400000,"transactionData":[{"name":"Merchant payments","paymentInstruments":[{"type":"TOTAL","count":19233611,"amount":1.0559011464E10}]},{"name":"Peer-to-peer payments","paymentInstruments":[{"type":"TOTAL","count":9983786,"amount":2.9239694406E10}]},{"name":"Recharge & bill payments","paymentInstruments":[{"type":"TOTAL","count":4046932,"amount":1.991652882E9}]},{"name":"Financial Services","paymentInstruments":[{"type":"TOTAL","count":27958,"amount":4.197233E7}]},{"name":"Others","paymentInstruments":[{"type":"TOTAL","count":44767,"amount":2.2240555E7}]}]},"responseTimestamp":1697612071916}