{"success":true,"code":"SUCCESS","data":{"from":1688149800000,"to":1695839400000,"transactionData":[{"name":"Merchant payments","paymentInstruments":[{"type":"TOTAL","count":161142673,"amount":8.5645642195E10}]},{"name":"Peer-to-peer payments","paymentInstruments":[{"type":"TOTAL","count":97060888,"amount":2.51466237009E11}]},{"name":"Recharge & bill payments","paymentInstruments":[{"type":"TOTAL","count":25011103,"amount":1.3000613447E10}]},{"name":"Financial Services","paymentInstruments":[{"type":"TOTAL","count":95807,"amount":1.31864372E8}]},{"name":"Others","paymentInstruments":[{"type":"TOTAL","count":182186,"amount":1.35322503E8}]}]},"responseTimestamp":1697612082492}