{"success":true,"code":"SUCCESS","data":{"from":1688149800000,"to":1695839400000,"transactionData":[{"name":"Merchant payments","paymentInstruments":[{"type":"TOTAL","count":82126315,"amount":5.1533166362E10}]},{"name":"Peer-to-peer payments","paymentInstruments":[{"type":"TOTAL","count":66737077,"amount":1.85030502675E11}]},{"name":"Recharge & bill payments","paymentInstruments":[{"type":"TOTAL","count":18524152,"amount":7.310558505E9}]},{"name":"Financial Services","paymentInstruments":[{"type":"TOTAL","count":105975,"amount":1.18529318E8}]},{"name":"Others","paymentInstruments":[{"type":"TOTAL","count":81832,"amount":6.5257542E7}]}]},"responseTimestamp":1697612053844}