{"success":true,"code":"SUCCESS","data":{"from":1688149800000,"to":1695839400000,"transactionData":[{"name":"Peer-to-peer payments","paymentInstruments":[{"type":"TOTAL","count":1781959,"amount":6.563524375E9}]},{"name":"Merchant payments","paymentInstruments":[{"type":"TOTAL","count":1429581,"amount":1.424016428E9}]},{"name":"Recharge & bill payments","paymentInstruments":[{"type":"TOTAL","count":402319,"amount":2.45485697E8}]},{"name":"Financial Services","paymentInstruments":[{"type":"TOTAL","count":3579,"amount":1.4887998E7}]},{"name":"Others","paymentInstruments":[{"type":"TOTAL","count":3928,"amount":2657745.0}]}]},"responseTimestamp":1697612051742}